Workbook

Sheet I&W Risk Table
A1: Indicators & Warnings (I&W) Risk Classification
A4: Risk | B4: Indicator | C4: Unit | D4: Low Boundary | E4: Moderate Boundary | F4: Current Value | G4: Direction | H4: Risk Score | I4: Risk Level | J4: Action Priority | K4: Interpretation
A5: Cybersecurity Breach | B5: Intrusion Attempts | C5: # per week | D5: 5 | E5: 15 | F5: 18 | G5: Higher is Worse | H5: =IF($G5="Higher is Worse",IF($F5<=$D5,1,IF($F5<=$E5,2,3)),IF($F5>=$D5,1,IF($F5>=$E5,2,3))) -> 3 | I5: =IF(H5=1,"Low",IF(H5=2,"Moderate","High")) -> High | J5: =CHOOSE(H5,"Monitor","Review","Immediate Action") -> Immediate Action | K5: High exposure to cyber threats and attempted unauthorized access.
A6: Cybersecurity Breach | B6: Vulnerability Score | C6: 1–10 scale | D6: 4 | E6: 7 | F6: 8 | G6: Higher is Worse | H6: =IF($G6="Higher is Worse",IF($F6<=$D6,1,IF($F6<=$E6,2,3)),IF($F6>=$D6,1,IF($F6>=$E6,2,3))) -> 3 | I6: =IF(H6=1,"Low",IF(H6=2,"Moderate","High")) -> High | J6: =CHOOSE(H6,"Monitor","Review","Immediate Action") -> Immediate Action | K6: System security weaknesses remain above the acceptable threshold.
A7: Cybersecurity Breach | B7: Data Encryption | C7: % | D7: 95 | E7: 85 | F7: 90 | G7: Lower is Worse | H7: =IF($G7="Higher is Worse",IF($F7<=$D7,1,IF($F7<=$E7,2,3)),IF($F7>=$D7,1,IF($F7>=$E7,2,3))) -> 2 | I7: =IF(H7=1,"Low",IF(H7=2,"Moderate","High")) -> Moderate | J7: =CHOOSE(H7,"Monitor","Review","Immediate Action") -> Review | K7: Encryption coverage should improve to reduce breach exposure.
A8: System Integration Failure | B8: System Downtime | C8: Hours/month | D8: 3 | E8: 6 | F8: 7 | G8: Higher is Worse | H8: =IF($G8="Higher is Worse",IF($F8<=$D8,1,IF($F8<=$E8,2,3)),IF($F8>=$D8,1,IF($F8>=$E8,2,3))) -> 3 | I8: =IF(H8=1,"Low",IF(H8=2,"Moderate","High")) -> High | J8: =CHOOSE(H8,"Monitor","Review","Immediate Action") -> Immediate Action | K8: Operational disruption may affect continuity of patient monitoring.
A9: System Integration Failure | B9: Error Rate | C9: % | D9: 5 | E9: 10 | F9: 12 | G9: Higher is Worse | H9: =IF($G9="Higher is Worse",IF($F9<=$D9,1,IF($F9<=$E9,2,3)),IF($F9>=$D9,1,IF($F9>=$E9,2,3))) -> 3 | I9: =IF(H9=1,"Low",IF(H9=2,"Moderate","High")) -> High | J9: =CHOOSE(H9,"Monitor","Review","Immediate Action") -> Immediate Action | K9: Integration instability may interrupt clinical workflows.
A10: System Integration Failure | B10: API Response Time | C10: ms | D10: 200 | E10: 300 | F10: 320 | G10: Higher is Worse | H10: =IF($G10="Higher is Worse",IF($F10<=$D10,1,IF($F10<=$E10,2,3)),IF($F10>=$D10,1,IF($F10>=$E10,2,3))) -> 3 | I10: =IF(H10=1,"Low",IF(H10=2,"Moderate","High")) -> High | J10: =CHOOSE(H10,"Monitor","Review","Immediate Action") -> Immediate Action | K10: Slow performance can delay data exchange and clinical actions.
A11: Regulatory Non-Compliance | B11: Audit Findings | C11: # per quarter | D11: 1 | E11: 3 | F11: 4 | G11: Higher is Worse | H11: =IF($G11="Higher is Worse",IF($F11<=$D11,1,IF($F11<=$E11,2,3)),IF($F11>=$D11,1,IF($F11>=$E11,2,3))) -> 3 | I11: =IF(H11=1,"Low",IF(H11=2,"Moderate","High")) -> High | J11: =CHOOSE(H11,"Monitor","Review","Immediate Action") -> Immediate Action | K11: Audit findings above tolerance may trigger penalties or remediation.
A12: Regulatory Non-Compliance | B12: Staff Training | C12: % | D12: 95 | E12: 85 | F12: 88 | G12: Lower is Worse | H12: =IF($G12="Higher is Worse",IF($F12<=$D12,1,IF($F12<=$E12,2,3)),IF($F12>=$D12,1,IF($F12>=$E12,2,3))) -> 2 | I12: =IF(H12=1,"Low",IF(H12=2,"Moderate","High")) -> Moderate | J12: =CHOOSE(H12,"Monitor","Review","Immediate Action") -> Review | K12: Training coverage is below the ideal level for privacy compliance.
A13: Regulatory Non-Compliance | B13: Data Incidents | C13: # per month | D13: 0 | E13: 2 | F13: 3 | G13: Higher is Worse | H13: =IF($G13="Higher is Worse",IF($F13<=$D13,1,IF($F13<=$E13,2,3)),IF($F13>=$D13,1,IF($F13>=$E13,2,3))) -> 3 | I13: =IF(H13=1,"Low",IF(H13=2,"Moderate","High")) -> High | J13: =CHOOSE(H13,"Monitor","Review","Immediate Action") -> Immediate Action | K13: Reported incidents indicate elevated compliance and privacy risk.

Sheet  Heatmap
A1: I&W Risk Heatmap
A2: The I&W Risk Table sheet.
B3: Total Indicators | D3: High Indicators | F3: Moderate Indicators | H3: Low Indicators
B4: =COUNTA('I&W Risk Table'!$A$5:$A$13) -> 9 | D4: =COUNTIF('I&W Risk Table'!$I$5:$I$13,"High") -> 7 | F4: =COUNTIF('I&W Risk Table'!$I$5:$I$13,"Moderate") -> 2 | H4: =COUNTIF('I&W Risk Table'!$I$5:$I$13,"Low") -> 0
F6: Indicator Heatmap (1 = Low, 2 = Moderate, 3 = High)
A7: Risk | B7: Average Score | C7: Overall Level | D7: High Indicators | E7: Short Risk | F7: Risk | G7: Indicator 1 | H7: Indicator 2 | I7: Indicator 3
A8: Cybersecurity Breach | B8: =AVERAGEIF('I&W Risk Table'!$A$5:$A$13,A8,'I&W Risk Table'!$H$5:$H$13) -> 2.6666667 | C8: =IF(B8<1.5,"Low",IF(B8<2.5,"Moderate","High")) -> High | D8: =COUNTIFS('I&W Risk Table'!$A$5:$A$13,A8,'I&W Risk Table'!$I$5:$I$13,"High") -> 2 | E8: Cybersecurity | F8: Cybersecurity | G8: ='I&W Risk Table'!H5 -> 3 | H8: ='I&W Risk Table'!H6 -> 3 | I8: ='I&W Risk Table'!H7 -> 2
A9: System Integration Failure | B9: =AVERAGEIF('I&W Risk Table'!$A$5:$A$13,A9,'I&W Risk Table'!$H$5:$H$13) -> 3 | C9: =IF(B9<1.5,"Low",IF(B9<2.5,"Moderate","High")) -> High | D9: =COUNTIFS('I&W Risk Table'!$A$5:$A$13,A9,'I&W Risk Table'!$I$5:$I$13,"High") -> 3 | E9: Integration | F9: System Integration | G9: ='I&W Risk Table'!H8 -> 3 | H9: ='I&W Risk Table'!H9 -> 3 | I9: ='I&W Risk Table'!H10 -> 3
A10: Regulatory Non-Compliance | B10: =AVERAGEIF('I&W Risk Table'!$A$5:$A$13,A10,'I&W Risk Table'!$H$5:$H$13) -> 2.6666667 | C10: =IF(B10<1.5,"Low",IF(B10<2.5,"Moderate","High")) -> High | D10: =COUNTIFS('I&W Risk Table'!$A$5:$A$13,A10,'I&W Risk Table'!$I$5:$I$13,"High") -> 2 | E10: Regulatory | F10: Regulatory | G10: ='I&W Risk Table'!H11 -> 3 | H10: ='I&W Risk Table'!H12 -> 2 | I10: ='I&W Risk Table'!H13 -> 3
F12: Risk | G12: Indicator 1 | H12: Indicator 2 | I12: Indicator 3
F13: Cybersecurity | G13: Intrusion Attempts | H13: Vulnerability Score | I13: Data Encryption
F14: System Integration | G14: System Downtime | H14: Error Rate | I14: API Response Time
F15: Regulatory | G15: Audit Findings | H15: Staff Training | I15: Data Incidents
